<?xml version="1.0" encoding="UTF-8"?>
<gmd:MD_Metadata xmlns:gmd="http://www.isotc211.org/2005/gmd" xmlns:gco="http://www.isotc211.org/2005/gco" xmlns:geonet="http://www.fao.org/geonetwork" xmlns:gfc="http://www.isotc211.org/2005/gfc" xmlns:gml="http://www.opengis.net/gml" xmlns:gmx="http://www.isotc211.org/2005/gmx" xmlns:gts="http://www.isotc211.org/2005/gts" xmlns:srv="http://www.isotc211.org/2005/srv" xmlns:xlink="http://www.w3.org/1999/xlink" xmlns:xsi="http://www.w3.org/2001/XMLSchema-instance" xsi:schemaLocation="http://www.isotc211.org/2005/gmd http://www.isotc211.org/2005/gmd/gmd.xsd http://www.isotc211.org/2005/srv http://schemas.opengis.net/iso/19139/20060504/srv/srv.xsd">
    <gmd:fileIdentifier>
        <gco:CharacterString>fr-000050076-PLU20130730</gco:CharacterString>
    </gmd:fileIdentifier>
    <gmd:language>
        <gmd:LanguageCode codeList="http://www.loc.gov/standards/iso639-2/" codeListValue="fre">fre</gmd:LanguageCode>
    </gmd:language>
    <gmd:hierarchyLevel>
        <gmd:MD_ScopeCode codeList="http://standards.iso.org/ittf/PubliclyAvailableStandards/ISO_19139_Schemas/resources/codelist/ML_gmxCodelists.xml#MD_ScopeCode" codeListValue="dataset">dataset</gmd:MD_ScopeCode>
    </gmd:hierarchyLevel>
    <gmd:contact>
        <gmd:CI_ResponsibleParty>
            <gmd:organisationName>
                <gco:CharacterString>Mairie de Bréhal</gco:CharacterString>
            </gmd:organisationName>
            <gmd:contactInfo>
                <gmd:CI_Contact>
                    <gmd:address>
                        <gmd:CI_Address>
                            <gmd:electronicMailAddress>
                                <gco:CharacterString>mairie@ville-brehal.fr</gco:CharacterString>
                            </gmd:electronicMailAddress>
                        </gmd:CI_Address>
                    </gmd:address>
                </gmd:CI_Contact>
            </gmd:contactInfo>
            <gmd:role>
                <gmd:CI_RoleCode codeList="http://standards.iso.org/ittf/PubliclyAvailableStandards/ISO_19139_Schemas/resources/codelist/ML_gmxCodelists.xml#CI_RoleCode" codeListValue="pointOfContact">pointOfContact</gmd:CI_RoleCode>
            </gmd:role>
        </gmd:CI_ResponsibleParty>
    </gmd:contact>
    <gmd:dateStamp>
        <gco:DateTime>2018-01-30</gco:DateTime>
    </gmd:dateStamp>
    <gmd:referenceSystemInfo>
        <gmd:MD_ReferenceSystem>
            <gmd:referenceSystemIdentifier>
                <gmd:RS_Identifier>
                    <gmd:code>
                        <gmx:Anchor xlink:href="http://www.opengis.net/def/crs/EPSG/0/2154">EPSG:2154</gmx:Anchor>
                    </gmd:code>
                </gmd:RS_Identifier>
            </gmd:referenceSystemIdentifier>
        </gmd:MD_ReferenceSystem>
    </gmd:referenceSystemInfo>
    <gmd:identificationInfo>
        <gmd:MD_DataIdentification>
            <gmd:citation>
                <gmd:CI_Citation>
                    <gmd:title>
                        <gco:CharacterString>Plan Local d'Urbanisme de la commune de BREHAL</gco:CharacterString>
                    </gmd:title>
                    <gmd:date>
                        <gmd:CI_Date>
                            <gmd:date>
                                <gco:Date>2013-07-30</gco:Date>
                            </gmd:date>
                            <gmd:dateType>
                                <gmd:CI_DateTypeCode codeList="http://standards.iso.org/ittf/PubliclyAvailableStandards/ISO_19139_Schemas/resources/codelist/ML_gmxCodelists.xml#CI_DateTypeCode" codeListValue="revision">revision</gmd:CI_DateTypeCode>
                            </gmd:dateType>
                        </gmd:CI_Date>
                    </gmd:date>
                    <gmd:identifier>
                        <gmd:MD_Identifier>
                            <gmd:code>
                                <gco:CharacterString>https://www.geoportail-urbanisme.gouv.fr/document/50076_PLU_20130730</gco:CharacterString>
                            </gmd:code>
                        </gmd:MD_Identifier>
                    </gmd:identifier>
                </gmd:CI_Citation>
            </gmd:citation>
            <gmd:abstract>
                <gco:CharacterString>Plan Local d'Urbanisme (PLU) numérisé. Ce lot informe du droit à bâtir sur la commune de BREHAL. Ce PLU est numérisé conformément aux prescriptions nationales du CNIG.</gco:CharacterString>
            </gmd:abstract>
            <gmd:spatialRepresentationType>
                <gmd:MD_SpatialRepresentationTypeCode codeList="http://standards.iso.org/ittf/PubliclyAvailableStandards/ISO_19139_Schemas/resources/codelist/ML_gmxCodelists.xml#MD_SpatialRepresentationTypeCode" codeListValue="vector">vector</gmd:MD_SpatialRepresentationTypeCode>
            </gmd:spatialRepresentationType>
            <gmd:pointOfContact>
                <gmd:CI_ResponsibleParty>
                    <gmd:organisationName>
                        <gco:CharacterString>Mairie de Bréhal</gco:CharacterString>
                    </gmd:organisationName>
                    <gmd:contactInfo>
                        <gmd:CI_Contact>
                            <gmd:address>
                                <gmd:CI_Address>
                                    <gmd:electronicMailAddress>
                                        <gco:CharacterString>mairie@ville-brehal.fr</gco:CharacterString>
                                    </gmd:electronicMailAddress>
                                </gmd:CI_Address>
                            </gmd:address>
                        </gmd:CI_Contact>
                    </gmd:contactInfo>
                    <gmd:role>
                        <gmd:CI_RoleCode codeList="http://standards.iso.org/ittf/PubliclyAvailableStandards/ISO_19139_Schemas/resources/codelist/ML_gmxCodelists.xml#CI_RoleCode" codeListValue="owner">owner</gmd:CI_RoleCode>
                    </gmd:role>
                </gmd:CI_ResponsibleParty>
            </gmd:pointOfContact>
            <gmd:descriptiveKeywords>
                <gmd:MD_Keywords>
                    <gmd:keyword>
                        <gco:CharacterString>usage des sols</gco:CharacterString>
                    </gmd:keyword>
                    <gmd:thesaurusName>
                        <gmd:CI_Citation>
                            <gmd:title>
                                <gco:CharacterString>GEMET - INSPIRE themes, version 1.0</gco:CharacterString>
                            </gmd:title>
                            <gmd:date>
                                <gmd:CI_Date>
                                    <gmd:date>
                                        <gco:Date>2008-06-01</gco:Date>
                                    </gmd:date>
                                    <gmd:dateType>
                                        <gmd:CI_DateTypeCode codeList="http://standards.iso.org/ittf/PubliclyAvailableStandards/ISO_19139_Schemas/resources/codelist/ML_gmxCodelists.xml#CI_DateTypeCode" codeListValue="publication">publication</gmd:CI_DateTypeCode>
                                    </gmd:dateType>
                                </gmd:CI_Date>
                            </gmd:date>
                        </gmd:CI_Citation>
                    </gmd:thesaurusName>
                </gmd:MD_Keywords>
            </gmd:descriptiveKeywords>
            <gmd:descriptiveKeywords>
                <gmd:MD_Keywords>
                    <gmd:keyword>
                        <gco:CharacterString>Document d'urbanisme</gco:CharacterString>
                    </gmd:keyword>
                    <gmd:thesaurusName>
                        <gmd:CI_Citation>
                            <gmd:title>
                                <gco:CharacterString>GEMET - Concepts, version 2.4</gco:CharacterString>
                            </gmd:title>
                            <gmd:date>
                                <gmd:CI_Date>
                                    <gmd:date>
                                        <gco:Date>2010-01-13</gco:Date>
                                    </gmd:date>
                                    <gmd:dateType>
                                        <gmd:CI_DateTypeCode codeList="http://standards.iso.org/ittf/PubliclyAvailableStandards/ISO_19139_Schemas/resources/codelist/ML_gmxCodelists.xml#CI_DateTypeCode" codeListValue="publication">publication</gmd:CI_DateTypeCode>
                                    </gmd:dateType>
                                </gmd:CI_Date>
                            </gmd:date>
                        </gmd:CI_Citation>
                    </gmd:thesaurusName>
                </gmd:MD_Keywords>
            </gmd:descriptiveKeywords>
            <gmd:descriptiveKeywords>
                <gmd:MD_Keywords>
                    <gmd:keyword>
                        <gco:CharacterString>planification</gco:CharacterString>
                    </gmd:keyword>
                    <gmd:keyword>
                        <gco:CharacterString>PLU</gco:CharacterString>
                    </gmd:keyword>
                    <gmd:keyword>
                        <gco:CharacterString>Plan local d'urbanisme</gco:CharacterString>
                    </gmd:keyword>
                    <gmd:keyword>
                        <gco:CharacterString>données ouvertes</gco:CharacterString>
                    </gmd:keyword>
                </gmd:MD_Keywords>
            </gmd:descriptiveKeywords>
            <gmd:resourceConstraints>
                <gmd:type>
                    <gmd:useLimitation>
                        <gco:CharacterString>useLimitations</gco:CharacterString>
                    </gmd:useLimitation>
                </gmd:type>
            </gmd:resourceConstraints>
            <gmd:spatialResolution>
                <gmd:MD_Resolution>
                    <gmd:equivalentScale>
                        <gmd:MD_RepresentativeFraction>
                            <gmd:denominator>
                                <gco:Integer>5000</gco:Integer>
                            </gmd:denominator>
                        </gmd:MD_RepresentativeFraction>
                    </gmd:equivalentScale>
                </gmd:MD_Resolution>
            </gmd:spatialResolution>
            <gmd:topicCategory>
                <gmd:MD_TopicCategoryCode>planningCadastre</gmd:MD_TopicCategoryCode>
            </gmd:topicCategory>
            <gmd:extent>
                <gmd:EX_Extent>
                    <gmd:description>
                        <gco:CharacterString>Emprise géographique de BREHAL</gco:CharacterString>
                    </gmd:description>
                    <gmd:geographicElement>
                        <gmd:EX_GeographicBoundingBox>
                            <gmd:westBoundLongitude>
                                <gco:Decimal>-1.57113088968847</gco:Decimal>
                            </gmd:westBoundLongitude>
                            <gmd:eastBoundLongitude>
                                <gco:Decimal>-1.48519316224916</gco:Decimal>
                            </gmd:eastBoundLongitude>
                            <gmd:southBoundLatitude>
                                <gco:Decimal>48.8831233117239</gco:Decimal>
                            </gmd:southBoundLatitude>
                            <gmd:northBoundLatitude>
                                <gco:Decimal>48.9124636955523</gco:Decimal>
                            </gmd:northBoundLatitude>
                        </gmd:EX_GeographicBoundingBox>
                    </gmd:geographicElement>
                </gmd:EX_Extent>
            </gmd:extent>
            <gmd:characterSet>
                <gmd:MD_CharacterSetCode codeList="http://www.isotc211.org/2005/resources/codeList.xml#MD_CharacterSetCode" codeListValue="utf8">utf8</gmd:MD_CharacterSetCode>
            </gmd:characterSet>
            <gmd:language>
                <gmd:LanguageCode codeList="http://www.loc.gov/standards/iso639-2/" codeListValue="fre">fre</gmd:LanguageCode>
            </gmd:language>
        </gmd:MD_DataIdentification>
    </gmd:identificationInfo>
    <gmd:distributionInfo>
        <gmd:MD_Distribution>
            <gmd:distributionFormat>
                <gmd:MD_Format>
                    <gmd:name>
                        <gco:CharacterString>SHP</gco:CharacterString>
                    </gmd:name>
                    <gmd:version>
                        <gco:CharacterString>1.0</gco:CharacterString>
                    </gmd:version>
                </gmd:MD_Format>
            </gmd:distributionFormat>
        </gmd:MD_Distribution>
    </gmd:distributionInfo>
    <gmd:dataQualityInfo>
        <gmd:DQ_DataQuality>
            <gmd:report>
                <gmd:DQ_DomainConsistency>
                    <gmd:result>
                        <gmd:DQ_ConformanceResult>
                            <gmd:specification>
                                <gmd:CI_Citation>
                                    <gmd:title>
                                        <gco:CharacterString>CNIG PLU v2017</gco:CharacterString>
                                    </gmd:title>
                                    <gmd:date>
                                        <gmd:CI_Date>
                                            <gmd:date>
                                                <gco:Date>2017-12-14</gco:Date>
                                            </gmd:date>
                                            <gmd:dateType>
                                                <gmd:CI_DateTypeCode codeList="http://standards.iso.org/ittf/PubliclyAvailableStandards/ISO_19139_Schemas/resources/codelist/ML_gmxCodelists.xml#CI_DateTypeCode" codeListValue="publication">publication</gmd:CI_DateTypeCode>
                                            </gmd:dateType>
                                        </gmd:CI_Date>
                                    </gmd:date>
                                </gmd:CI_Citation>
                            </gmd:specification>
                            <gmd:pass>
                                <gco:Boolean>true</gco:Boolean>
                            </gmd:pass>
                        </gmd:DQ_ConformanceResult>
                    </gmd:result>
                </gmd:DQ_DomainConsistency>
            </gmd:report>
            <gmd:report>
                <gmd:DQ_DomainConsistency>
                    <gmd:result>
                        <gmd:DQ_ConformanceResult>
                            <gmd:specification>
                                <gmd:CI_Citation>
                                    <gmd:title>
                                        <gco:CharacterString>INSPIRE Data Specification on Land use - Technical Guidelines, version 3.1</gco:CharacterString>
                                    </gmd:title>
                                    <gmd:date>
                                        <gmd:CI_Date>
                                            <gmd:date>
                                                <gco:Date>2014-04-07</gco:Date>
                                            </gmd:date>
                                            <gmd:dateType>
                                                <gmd:CI_DateTypeCode codeList="http://standards.iso.org/ittf/PubliclyAvailableStandards/ISO_19139_Schemas/resources/codelist/ML_gmxCodelists.xml#CI_DateTypeCode" codeListValue="publication">publication</gmd:CI_DateTypeCode>
                                            </gmd:dateType>
                                        </gmd:CI_Date>
                                    </gmd:date>
                                </gmd:CI_Citation>
                            </gmd:specification>
                            <gmd:pass>
                                <gco:Boolean>true</gco:Boolean>
                            </gmd:pass>
                        </gmd:DQ_ConformanceResult>
                    </gmd:result>
                </gmd:DQ_DomainConsistency>
            </gmd:report>
            <gmd:lineage>
                <gmd:LI_Lineage>
                    <gmd:statement>
                        <gco:CharacterString>Document d’urbanisme numérisé conformément aux prescriptions nationales du CNIG du 14/12/2017 (http://cnig.gouv.fr/wp-content/uploads/2018/01/180103_Standard_CNIG_PLU_v2017.pdf). Ce lot de données produit en 2017 a été numérisé à partir du PCI Vecteur. Méthode de saisie : Reconstruction par digitalisation à l'écran entre les échelles du 1/2 000 et du 1/5 000 environ et/ou par duplication des objets géographiques cadastraux.
						</gco:CharacterString>
                    </gmd:statement>
                </gmd:LI_Lineage>
            </gmd:lineage>
        </gmd:DQ_DataQuality>
    </gmd:dataQualityInfo>
</gmd:MD_Metadata>