Code,Libellé,Présence n°
E,Elaboration,
MC,Mise en compatibilité (exemple : MC3 correspond à la troisième procédure de mise en compatibilité),oui
MJ,Mise à jour (exemple : MJ4 correspond à la quatrième procédure de mise à jour),oui
M,Modification de droit commun (exemple : M5 correspond à la cinquième procédure de modification),oui
MS,Modification simplifiée (exemple : MS1 correspond à la première procédure de modification simplifiée),oui
R,Révision,
RS,Révision simplifiée (art. L.153-34) (exemple : RS4 correspond à la quatrième procédure de révision simplifiée),oui
A,Abrogation,
