<?xml version="1.0" encoding="UTF-8"?>
<gmd:MD_Metadata xmlns:srv="http://www.isotc211.org/2005/srv" xmlns:gml="http://www.opengis.net/gml" xmlns:xlink="http://www.w3.org/1999/xlink" xmlns:gmd="http://www.isotc211.org/2005/gmd" xmlns:gco="http://www.isotc211.org/2005/gco">
	<gmd:fileIdentifier>
		<gco:CharacterString>fr-200040590-plui20171230</gco:CharacterString>
	</gmd:fileIdentifier>
	<gmd:language>
		<gmd:LanguageCode codeList="http://www.loc.gov/standards/iso639-2/" codeListValue="fre">fre</gmd:LanguageCode>
	</gmd:language>
	<gmd:characterSet>
		<gmd:MD_CharacterSetCode codeList="http://standards.iso.org/ittf/PubliclyAvailableStandards/ISO_19139_Schemas/resources/codelist/gmxCodelists.xml#MD_CharacterSetCode" codeListValue="8859part1">8859part1</gmd:MD_CharacterSetCode>
	</gmd:characterSet>
	<gmd:hierarchyLevel>
		<gmd:MD_ScopeCode codeList="http://standards.iso.org/ittf/PubliclyAvailableStandards/ISO_19139_Schemas/resources/Codelist/ML_gmx Codelists.xml#MD_ScopeCode" codeListValue="dataset">dataset</gmd:MD_ScopeCode>
	</gmd:hierarchyLevel>
	<gmd:contact>
		<gmd:CI_ResponsibleParty>
			<gmd:organisationName>
				<gco:CharacterString>Communauté d'Agglomération de Villefranche Beaujolais Saône</gco:CharacterString>
			</gmd:organisationName>
			<gmd:contactInfo>
				<gmd:CI_Contact>
					<gmd:address>
						<gmd:CI_Address>
							<gmd:electronicMailAddress>
								<gco:CharacterString>contact@agglo-villefranche.fr</gco:CharacterString>
							</gmd:electronicMailAddress>
						</gmd:CI_Address>
					</gmd:address>
				</gmd:CI_Contact>
			</gmd:contactInfo>
			<gmd:role>
				<gmd:CI_RoleCode codeList="http://standards.iso.org/ittf/PubliclyAvailableStandards/ISO_19139_Schemas/resources/Codelist/ML_gmx Codelists.xml#CI_RoleCode" codeListValue="pointOfContact">pointOfContact</gmd:CI_RoleCode>
			</gmd:role>
		</gmd:CI_ResponsibleParty>
	</gmd:contact>
	<gmd:dateStamp>
		<gco:Date>2017-12-30</gco:Date>
	</gmd:dateStamp>
	<gmd:metadataStandardName>
		<gco:CharacterString>INSPIRE Metadata Implementing Rules</gco:CharacterString>
	</gmd:metadataStandardName>
	<gmd:metadataStandardVersion>
		<gco:CharacterString>Technical Guidelines based on EN ISO 19115 and EN ISO 19119 (Version 1.3)</gco:CharacterString>
	</gmd:metadataStandardVersion>
	<gmd:referenceSystemInfo>
		<gmd:MD_ReferenceSystem>
			<gmd:referenceSystemIdentifier>
				<gmd:RS_Identifier>
					<gmd:code>
						<gco:CharacterString>RGF93 / Lambert 93 (EPSG:2154)</gco:CharacterString>
					</gmd:code>
				</gmd:RS_Identifier>
			</gmd:referenceSystemIdentifier>
		</gmd:MD_ReferenceSystem>
	</gmd:referenceSystemInfo>
	<gmd:identificationInfo>
		<gmd:MD_DataIdentification>
			<gmd:citation>
				<gmd:CI_Citation>
					<gmd:title>
						<gco:CharacterString>Plan Local d'Urbanisme Intercommunal de Villefranche Beaujolais Saône</gco:CharacterString>
					</gmd:title>
					<gmd:date>
						<gmd:CI_Date>
							<gmd:date>
								<gco:Date>2017-12-30</gco:Date>
							</gmd:date>
							<gmd:dateType>
								<gmd:CI_DateTypeCode codeList="http://standards.iso.org/ittf/PubliclyAvailableStandards/ISO_19139_Schemas/resources/Codelist/ML_gmx Codelists.xml#CI_DateTypeCode" codeListValue="revision">revision</gmd:CI_DateTypeCode>
							</gmd:dateType>
						</gmd:CI_Date>
					</gmd:date>
					<gmd:identifier>
						<gmd:RS_Identifier>
							<gmd:code>
								<gco:CharacterString>fr-200040590-plui20171230</gco:CharacterString>
							</gmd:code>
						</gmd:RS_Identifier>
					</gmd:identifier>
				</gmd:CI_Citation>
			</gmd:citation>
			<gmd:abstract>
				<gco:CharacterString>Plan Local d'Urbanisme Intercommunal (PLUi) numérisé. Ce lot informe du droit à bâtir sur les communes de Villefranche sur Saône, Gleizé, Arnas et Limas. Ce PLUi est numérisé conformément aux prescriptions nationales du CNIG</gco:CharacterString>
			</gmd:abstract>
			<gmd:pointOfContact>
				<gmd:CI_ResponsibleParty>
					<gmd:organisationName>
						<gco:CharacterString>Communauté d'Agglomération de Villefranche Beaujolais Saône</gco:CharacterString>
					</gmd:organisationName>
					<gmd:contactInfo>
						<gmd:CI_Contact>
							<gmd:address>
								<gmd:CI_Address>
									<gmd:electronicMailAddress>
										<gco:CharacterString>contact@agglo-villefranche.fr</gco:CharacterString>
									</gmd:electronicMailAddress>
								</gmd:CI_Address>
							</gmd:address>
						</gmd:CI_Contact>
					</gmd:contactInfo>
					<gmd:role>
						<gmd:CI_RoleCode codeList="http://standards.iso.org/ittf/PubliclyAvailableStandards/ISO_19139_Schemas/resources/Codelist/ML_gmx Codelists.xml#CI_RoleCode" codeListValue="pointOfContact">pointOfContact</gmd:CI_RoleCode>
					</gmd:role>
				</gmd:CI_ResponsibleParty>
			</gmd:pointOfContact>
			<gmd:descriptiveKeywords>
				<gmd:MD_Keywords>
					<gmd:keyword>
						<gco:CharacterString>Usage des sols</gco:CharacterString>
					</gmd:keyword>
					<gmd:thesaurusName>
						<gmd:CI_Citation>
							<gmd:title>
								<gco:CharacterString>GEMET - INSPIRE themes, version 1.0</gco:CharacterString>
							</gmd:title>
							<gmd:date>
								<gmd:CI_Date>
									<gmd:date>
										<gco:Date>2008-06-01</gco:Date>
									</gmd:date>
									<gmd:dateType>
										<gmd:CI_DateTypeCode codeList="http://standards.iso.org/ittf/PubliclyAvailableStandards/ISO_19139_Schemas/resources/Codelist/ML_gmx Codelists.xml#CI_DateTypeCode" codeListValue="publication">publication</gmd:CI_DateTypeCode>
									</gmd:dateType>
								</gmd:CI_Date>
							</gmd:date>
						</gmd:CI_Citation>
					</gmd:thesaurusName>
				</gmd:MD_Keywords>
			</gmd:descriptiveKeywords>
			<gmd:descriptiveKeywords>
				<gmd:MD_Keywords>
					<gmd:keyword>
						<gco:CharacterString>document d'urbanisme</gco:CharacterString>
					</gmd:keyword>
					<gmd:thesaurusName>
						<gmd:CI_Citation>
							<gmd:title>
								<gco:CharacterString>GEMET - Concepts, version 2.4</gco:CharacterString>
							</gmd:title>
							<gmd:date>
								<gmd:CI_Date>
									<gmd:date>
										<gco:Date>2010-01-13</gco:Date>
									</gmd:date>
									<gmd:dateType>
										<gmd:CI_DateTypeCode codeList="http://standards.iso.org/ittf/PubliclyAvailableStandards/ISO_19139_Schemas/resources/Codelist/ML_gmxCodelists.xml#CI_DateTypeCode" codeListValue="publication">publication</gmd:CI_DateTypeCode>
									</gmd:dateType>
								</gmd:CI_Date>
							</gmd:date>
						</gmd:CI_Citation>
					</gmd:thesaurusName>
				</gmd:MD_Keywords>
			</gmd:descriptiveKeywords>
			<gmd:descriptiveKeywords>
				<gmd:MD_Keywords>
					<gmd:keyword>
						<gco:CharacterString>plui</gco:CharacterString>
					</gmd:keyword>
				</gmd:MD_Keywords>
			</gmd:descriptiveKeywords>
			<gmd:descriptiveKeywords>
				<gmd:MD_Keywords>
					<gmd:keyword>
						<gco:CharacterString>planification</gco:CharacterString>
					</gmd:keyword>
				</gmd:MD_Keywords>
			</gmd:descriptiveKeywords>
			<gmd:descriptiveKeywords>
				<gmd:MD_Keywords>
					<gmd:keyword>
						<gco:CharacterString>données ouvertes</gco:CharacterString>
					</gmd:keyword>
				</gmd:MD_Keywords>
			</gmd:descriptiveKeywords>
			<gmd:resourceConstraints>
				<gmd:MD_LegalConstraints>
					<gmd:useLimitation>
						<gco:CharacterString>Aucune condition ne s'applique</gco:CharacterString>
					</gmd:useLimitation>
					<gmd:accessConstraints>
						<gmd:MD_RestrictionCode codeList="http://www.isotc211.org/2005/resources/Codelist/gmxCodelists.xml#MD_RestrictionCode" codeListValue="otherRestrictions">otherRestrictions</gmd:MD_RestrictionCode>
					</gmd:accessConstraints>
					<gmd:otherConstraints>
						<gco:CharacterString>Pas de restriction d'accès public</gco:CharacterString>
					</gmd:otherConstraints>
				</gmd:MD_LegalConstraints>
			</gmd:resourceConstraints>
			<gmd:spatialRepresentationType>
				<gmd:MD_SpatialRepresentationTypeCode codeList="http://standards.iso.org/ittf/PubliclyAvailableStandards/ISO_19139_Schemas/resources/Codelist/ML_gmxCodelists.xml#MD_SpatialRepresentationTypeCode" codeListValue="vector">vector</gmd:MD_SpatialRepresentationTypeCode>
			</gmd:spatialRepresentationType>
			<gmd:spatialResolution>
				<gmd:MD_Resolution>
					<gmd:equivalentScale>
						<gmd:MD_RepresentativeFraction>
							<gmd:denominator>
								<gco:Integer>5000</gco:Integer>
							</gmd:denominator>
						</gmd:MD_RepresentativeFraction>
					</gmd:equivalentScale>
				</gmd:MD_Resolution>
			</gmd:spatialResolution>
			<gmd:language>
				<gmd:LanguageCode codeList="http://www.loc.gov/standards/iso639-2/" codeListValue="fre">fre</gmd:LanguageCode>
			</gmd:language>
			<gmd:characterSet>
				<gmd:MD_CharacterSetCode codeList="http://www.isotc211.org/2005/resources/codeList.xml#MD_CharacterSetCode" codeListValue="8859part1">8859part1</gmd:MD_CharacterSetCode>
			</gmd:characterSet>
			<gmd:topicCategory>
				<gmd:MD_TopicCategoryCode>planningCadastre</gmd:MD_TopicCategoryCode>
			</gmd:topicCategory>
			<gmd:extent>
				<gmd:EX_Extent>
					<gmd:geographicElement>
						<gmd:EX_GeographicBoundingBox>
							<gmd:westBoundLongitude>
								<gco:Decimal>4.637775421142578</gco:Decimal>
							</gmd:westBoundLongitude>
							<gmd:eastBoundLongitude>
								<gco:Decimal>4.740085601806641</gco:Decimal>
							</gmd:eastBoundLongitude>
							<gmd:southBoundLatitude>
								<gco:Decimal>45.9626380423476</gco:Decimal>
							</gmd:southBoundLatitude>
							<gmd:northBoundLatitude>
								<gco:Decimal>46.02441469402409</gco:Decimal>
							</gmd:northBoundLatitude>
						</gmd:EX_GeographicBoundingBox>
					</gmd:geographicElement>
				</gmd:EX_Extent>
			</gmd:extent>
		</gmd:MD_DataIdentification>
	</gmd:identificationInfo>
	<gmd:distributionInfo>
		<gmd:MD_Distribution>
			<gmd:distributionFormat>
				<gmd:MD_Format>
					<gmd:name>
						<gco:CharacterString>SHP</gco:CharacterString>
					</gmd:name>
					<gmd:version>
						<gco:CharacterString>inconnue</gco:CharacterString>
					</gmd:version>
				</gmd:MD_Format>
			</gmd:distributionFormat>
			<gmd:transferOptions>
				<gmd:MD_DigitalTransferOptions>
					<gmd:onLine>
						<gmd:CI_OnlineResource>
							<gmd:linkage>
								<gmd:URL>http://cnig.gouv.fr/ressources-dematerialisation-documents-d-urbanisme-a2732.html</gmd:URL>
							</gmd:linkage>
							<gmd:protocol>
								<gco:CharacterString/>
							</gmd:protocol>
							<gmd:name>
								<gco:CharacterString/>
							</gmd:name>
							<gmd:description>
								<gco:CharacterString>Prescriptions nationales pour la dématérialisation des documents d’urbanisme</gco:CharacterString>
							</gmd:description>
						</gmd:CI_OnlineResource>
					</gmd:onLine>
					<gmd:onLine>
						<gmd:CI_OnlineResource>
							<gmd:linkage>
								<gmd:URL>http://wxs-dhup.mongeoportail.ign.fr/externe/wgevy1c30xchwyquak37y0s0/wms/v?</gmd:URL>
							</gmd:linkage>
							<gmd:protocol>
								<gco:CharacterString/>
							</gmd:protocol>
							<gmd:name>
								<gco:CharacterString/>
							</gmd:name>
							<gmd:description>
								<gco:CharacterString>Service de visualisation du Géoportail de l'Urbanisme</gco:CharacterString>
							</gmd:description>
						</gmd:CI_OnlineResource>
					</gmd:onLine>
					<gmd:onLine>
						<gmd:CI_OnlineResource>
							<gmd:linkage>
								<gmd:URL>http://wxs-dhup.mongeoportail.ign.fr/externe/wgevy1c30xchwyquak37y0s0/telechargement/prepackage</gmd:URL>
							</gmd:linkage>
							<gmd:protocol>
								<gco:CharacterString/>
							</gmd:protocol>
							<gmd:name>
								<gco:CharacterString/>
							</gmd:name>
							<gmd:description>
								<gco:CharacterString>Service de téléchargement du Géoportail de l'Urbanisme</gco:CharacterString>
							</gmd:description>
						</gmd:CI_OnlineResource>
					</gmd:onLine>
					</gmd:MD_DigitalTransferOptions>
			</gmd:transferOptions>
		</gmd:MD_Distribution>
	</gmd:distributionInfo>
	<gmd:dataQualityInfo>
		<gmd:DQ_DataQuality>
			<gmd:scope>
				<gmd:DQ_Scope>
					<gmd:level>
						<gmd:MD_ScopeCode codeList="http://standards.iso.org/ittf/PubliclyAvailableStandards/ISO_19139_Schemas/resources/Codelist/ML_gmx Codelists.xml#MD_ScopeCode" codeListValue="dataset">dataset</gmd:MD_ScopeCode>
					</gmd:level>
				</gmd:DQ_Scope>
			</gmd:scope>
			<gmd:report>
				<gmd:DQ_DomainConsistency>
					<gmd:result>
						<gmd:DQ_ConformanceResult>
							<gmd:specification>
								<gmd:CI_Citation>
									<gmd:title>
										<gco:CharacterString>CNIG PLU v2022</gco:CharacterString>
									</gmd:title>
									<gmd:date>
										<gmd:CI_Date>
											<gmd:date>
												<gco:Date>2022-10-20</gco:Date>
											</gmd:date>
											<gmd:dateType>
												<gmd:CI_DateTypeCode codeList="http://standards.iso.org/ittf/PubliclyAvailableStandards/ISO_19139_Schemas/resources/Codelist/ML_gmx Codelists.xml#CI_DateTypeCode" codeListValue="publication">publication</gmd:CI_DateTypeCode>
											</gmd:dateType>
										</gmd:CI_Date>
									</gmd:date>
								</gmd:CI_Citation>
							</gmd:specification>
							<gmd:explanation>
								<gco:CharacterString>Se référer aux spécifications du guide</gco:CharacterString>
							</gmd:explanation>
							<gmd:pass>
								<gco:Boolean>true</gco:Boolean>
							</gmd:pass>
						</gmd:DQ_ConformanceResult>
					</gmd:result>
					<gmd:result>
						<gmd:DQ_ConformanceResult>
							<gmd:specification>
								<gmd:CI_Citation>
									<gmd:title>
										<gco:CharacterString>Data Specification on Land use - Draft Technical Guidelines 04.02.2013</gco:CharacterString>
									</gmd:title>
									<gmd:date>
										<gmd:CI_Date>
											<gmd:date>
												<gco:Date>2017-12-08</gco:Date>
											</gmd:date>
											<gmd:dateType>
												<gmd:CI_DateTypeCode codeList="http://standards.iso.org/ittf/PubliclyAvailableStandards/ISO_19139_Schemas/resources/Codelist/ML_gmxCodelists.xml#CI_DateTypeCode" codeListValue="publication"/>
											</gmd:dateType>
										</gmd:CI_Date>
									</gmd:date>
								</gmd:CI_Citation>
							</gmd:specification>
							<gmd:explanation>
								<gco:CharacterString>Non Evalué</gco:CharacterString>
							</gmd:explanation>
							<gmd:pass>
								<gco:Boolean>false</gco:Boolean>
							</gmd:pass>
						</gmd:DQ_ConformanceResult>
					</gmd:result>
				</gmd:DQ_DomainConsistency>
			</gmd:report>
			<gmd:lineage>
				<gmd:LI_Lineage>
					<gmd:statement>
						<gco:CharacterString>Document d’urbanisme numérisé conformément aux prescriptions nationales du CNIG du 20/10/2022. Ce lot de données produit en xxxx a été numérisé à partir du PCI Vecteur de xxxx</gco:CharacterString>
					</gmd:statement>
				</gmd:LI_Lineage>
			</gmd:lineage>
		</gmd:DQ_DataQuality>
	</gmd:dataQualityInfo>
</gmd:MD_Metadata>