Code,Libellé,Définition
U,urbaine,Secteurs déjà urbanisés et secteurs où les équipements publics existants ou en cours de réalisation ont une capacité suffisante pour desservir les constructions à implanter
AUc,à urbaniser,"Zone d’urbanisation future qui pourra être urbanisée ponctuellement ou à l’occasion de la réalisation d’opérations d’aménagement ou de constructions compatibles avec les orientations d’aménagement et de programmation et, le cas échéant, le règlement."
AUs,à urbaniser bloquée,"Zone à urbaniser, mais dont l'ouverture est subordonnée à une modification ou une révision du Plan Local d'Urbanisme"
A,agricole,"Secteurs de la commune, équipés ou non, à protéger en raison du potentiel agronomique, biologique ou économique des terres agricoles."
N,Naturelle et forestière,"Secteurs de la commune, équipés ou non, à protéger en raison soit de la qualité des sites, des milieux naturels, des paysages et de leur intérêt, notamment du point de vue esthétique, historique ou écologique, soit de l'existence d'une exploitation forestière, soit de leur caractère d'espaces naturels."
